{
  "0.1": {
    "gpt2": {
      "WER": 0.06421180766889836,
      "CER": 0.025059496323660002
    },
    "bert": {
      "WER": 0.06421180766889836,
      "CER": 0.025059496323660002
    },
    "gpt2_masks": {
      "WER": 0.06485849056603774,
      "CER": 0.02532944979220687
    },
    "bert_masks": {
      "WER": 0.06421180766889836,
      "CER": 0.025059496323660002
    },
    "asr": {
      "WER": 0.06421180766889836,
      "CER": 0.025059496323660002
    }
  },
  "0.2": {
    "gpt2": {
      "WER": 0.06421180766889836,
      "CER": 0.025059496323660002
    },
    "bert": {
      "WER": 0.06421180766889836,
      "CER": 0.025059496323660002
    },
    "gpt2_masks": {
      "WER": 0.06485849056603774,
      "CER": 0.02532944979220687
    },
    "bert_masks": {
      "WER": 0.06421180766889836,
      "CER": 0.025063048342982987
    },
    "asr": {
      "WER": 0.06421180766889836,
      "CER": 0.025059496323660002
    }
  },
  "0.3": {
    "gpt2": {
      "WER": 0.06421180766889836,
      "CER": 0.025059496323660002
    },
    "bert": {
      "WER": 0.06421180766889836,
      "CER": 0.025059496323660002
    },
    "gpt2_masks": {
      "WER": 0.06485849056603774,
      "CER": 0.02532944979220687
    },
    "bert_masks": {
      "WER": 0.06421180766889836,
      "CER": 0.025063048342982987
    },
    "asr": {
      "WER": 0.06421180766889836,
      "CER": 0.025059496323660002
    }
  },
  "0.4": {
    "gpt2": {
      "WER": 0.06421180766889836,
      "CER": 0.025059496323660002
    },
    "bert": {
      "WER": 0.06423082775410834,
      "CER": 0.025070152381628956
    },
    "gpt2_masks": {
      "WER": 0.06485849056603774,
      "CER": 0.02532944979220687
    },
    "bert_masks": {
      "WER": 0.06423082775410834,
      "CER": 0.02506660036230597
    },
    "asr": {
      "WER": 0.06421180766889836,
      "CER": 0.025059496323660002
    }
  },
  "0.5": {
    "gpt2": {
      "WER": 0.06421180766889836,
      "CER": 0.025059496323660002
    },
    "bert": {
      "WER": 0.06423082775410834,
      "CER": 0.025070152381628956
    },
    "gpt2_masks": {
      "WER": 0.06485849056603774,
      "CER": 0.02532944979220687
    },
    "bert_masks": {
      "WER": 0.06409768715763847,
      "CER": 0.025059496323660002
    },
    "asr": {
      "WER": 0.06421180766889836,
      "CER": 0.025059496323660002
    }
  },
  "0.6": {
    "gpt2": {
      "WER": 0.06421180766889836,
      "CER": 0.025059496323660002
    },
    "bert": {
      "WER": 0.06424984783931832,
      "CER": 0.025087912478243882
    },
    "gpt2_masks": {
      "WER": 0.06485849056603774,
      "CER": 0.02532944979220687
    },
    "bert_masks": {
      "WER": 0.0640596469872185,
      "CER": 0.025048840265691045
    },
    "asr": {
      "WER": 0.06421180766889836,
      "CER": 0.025059496323660002
    }
  },
  "0.7": {
    "gpt2": {
      "WER": 0.06421180766889836,
      "CER": 0.025059496323660002
    },
    "bert": {
      "WER": 0.06423082775410834,
      "CER": 0.025087912478243882
    },
    "gpt2_masks": {
      "WER": 0.06485849056603774,
      "CER": 0.02532944979220687
    },
    "bert_masks": {
      "WER": 0.06413572732805843,
      "CER": 0.02504528824636806
    },
    "asr": {
      "WER": 0.06421180766889836,
      "CER": 0.025059496323660002
    }
  },
  "0.8": {
    "gpt2": {
      "WER": 0.06421180766889836,
      "CER": 0.025059496323660002
    },
    "bert": {
      "WER": 0.06424984783931832,
      "CER": 0.02508080843959791
    },
    "gpt2_masks": {
      "WER": 0.06485849056603774,
      "CER": 0.02532944979220687
    },
    "bert_masks": {
      "WER": 0.06402160681679854,
      "CER": 0.024992007956523284
    },
    "asr": {
      "WER": 0.06421180766889836,
      "CER": 0.025059496323660002
    }
  },
  "0.9": {
    "gpt2": {
      "WER": 0.06417376749847839,
      "CER": 0.025059496323660002
    },
    "bert": {
      "WER": 0.06423082775410834,
      "CER": 0.02504528824636806
    },
    "gpt2_masks": {
      "WER": 0.06485849056603774,
      "CER": 0.02532944979220687
    },
    "bert_masks": {
      "WER": 0.0638504260499087,
      "CER": 0.02491386353141761
    },
    "asr": {
      "WER": 0.06421180766889836,
      "CER": 0.025059496323660002
    }
  },
  "0.91": {
    "gpt2": {
      "WER": 0.06417376749847839,
      "CER": 0.025055944304337014
    },
    "bert": {
      "WER": 0.06423082775410834,
      "CER": 0.02504528824636806
    },
    "gpt2_masks": {
      "WER": 0.06485849056603774,
      "CER": 0.02532944979220687
    },
    "bert_masks": {
      "WER": 0.06388846622032866,
      "CER": 0.024896103434802686
    },
    "asr": {
      "WER": 0.06421180766889836,
      "CER": 0.025059496323660002
    }
  },
  "0.92": {
    "gpt2": {
      "WER": 0.06415474741326842,
      "CER": 0.025041736227045076
    },
    "bert": {
      "WER": 0.06430690809494827,
      "CER": 0.025087912478243882
    },
    "gpt2_masks": {
      "WER": 0.06485849056603774,
      "CER": 0.02532944979220687
    },
    "bert_masks": {
      "WER": 0.06390748630553865,
      "CER": 0.024920967570063582
    },
    "asr": {
      "WER": 0.06421180766889836,
      "CER": 0.025059496323660002
    }
  },
  "0.93": {
    "gpt2": {
      "WER": 0.06415474741326842,
      "CER": 0.025041736227045076
    },
    "bert": {
      "WER": 0.06430690809494827,
      "CER": 0.02507370440095194
    },
    "gpt2_masks": {
      "WER": 0.06485849056603774,
      "CER": 0.02532944979220687
    },
    "bert_masks": {
      "WER": 0.06388846622032866,
      "CER": 0.024949383724647462
    },
    "asr": {
      "WER": 0.06421180766889836,
      "CER": 0.025059496323660002
    }
  },
  "0.94": {
    "gpt2": {
      "WER": 0.06415474741326842,
      "CER": 0.025041736227045076
    },
    "bert": {
      "WER": 0.06428788800973828,
      "CER": 0.02503818420772209
    },
    "gpt2_masks": {
      "WER": 0.06485849056603774,
      "CER": 0.0253223457535609
    },
    "bert_masks": {
      "WER": 0.06394552647595861,
      "CER": 0.024981351898554327
    },
    "asr": {
      "WER": 0.06421180766889836,
      "CER": 0.025059496323660002
    }
  },
  "0.95": {
    "gpt2": {
      "WER": 0.06411670724284844,
      "CER": 0.02503108016907612
    },
    "bert": {
      "WER": 0.06430690809494827,
      "CER": 0.025059496323660002
    },
    "gpt2_masks": {
      "WER": 0.06485849056603774,
      "CER": 0.0253223457535609
    },
    "bert_masks": {
      "WER": 0.0638504260499087,
      "CER": 0.024977799879231342
    },
    "asr": {
      "WER": 0.06421180766889836,
      "CER": 0.025059496323660002
    }
  },
  "0.96": {
    "gpt2": {
      "WER": 0.06411670724284844,
      "CER": 0.02502397613043015
    },
    "bert": {
      "WER": 0.06438298843578819,
      "CER": 0.025084360458920898
    },
    "gpt2_masks": {
      "WER": 0.06485849056603774,
      "CER": 0.0253223457535609
    },
    "bert_masks": {
      "WER": 0.06411670724284844,
      "CER": 0.025151848826057612
    },
    "asr": {
      "WER": 0.06421180766889836,
      "CER": 0.025059496323660002
    }
  },
  "0.97": {
    "gpt2": {
      "WER": 0.06404062690200853,
      "CER": 0.02498490391787731
    },
    "bert": {
      "WER": 0.06434494826536823,
      "CER": 0.02500976805313821
    },
    "gpt2_masks": {
      "WER": 0.06483947048082775,
      "CER": 0.0253223457535609
    },
    "bert_masks": {
      "WER": 0.06493457090687767,
      "CER": 0.025347209888821796
    },
    "asr": {
      "WER": 0.06421180766889836,
      "CER": 0.025059496323660002
    }
  },
  "0.98": {
    "gpt2": {
      "WER": 0.06398356664637858,
      "CER": 0.02498490391787731
    },
    "bert": {
      "WER": 0.06432592818015825,
      "CER": 0.0249884559372003
    },
    "gpt2_masks": {
      "WER": 0.06483947048082775,
      "CER": 0.0253223457535609
    },
    "bert_masks": {
      "WER": 0.06793974437005477,
      "CER": 0.026380847511810464
    },
    "asr": {
      "WER": 0.06421180766889836,
      "CER": 0.025059496323660002
    }
  },