{
  "0.1": {
    "gpt2": {
      "WER": 0.17035706780276255,
      "CER": 0.08299298279060559
    },
    "bert": {
      "WER": 0.17039527730546586,
      "CER": 0.08300398155141188
    },
    "gpt2_masks": {
      "WER": 0.1715606671379172,
      "CER": 0.08370423598941186
    },
    "bert_masks": {
      "WER": 0.17037617255411422,
      "CER": 0.08298931653700349
    },
    "asr": {
      "WER": 0.17035706780276255,
      "CER": 0.08299298279060559
    }
  },
  "0.2": {
    "gpt2": {
      "WER": 0.17035706780276255,
      "CER": 0.08299298279060559
    },
    "bert": {
      "WER": 0.17035706780276255,
      "CER": 0.08299298279060559
    },
    "gpt2_masks": {
      "WER": 0.1715606671379172,
      "CER": 0.08370423598941186
    },
    "bert_masks": {
      "WER": 0.17031885830005922,
      "CER": 0.08296731901539094
    },
    "asr": {
      "WER": 0.17035706780276255,
      "CER": 0.08299298279060559
    }
  },
  "0.3": {
    "gpt2": {
      "WER": 0.17035706780276255,
      "CER": 0.08299298279060559
    },
    "bert": {
      "WER": 0.17035706780276255,
      "CER": 0.08298565028340141
    },
    "gpt2_masks": {
      "WER": 0.17154156238656554,
      "CER": 0.08369323722860558
    },
    "bert_masks": {
      "WER": 0.1702233345433009,
      "CER": 0.08290132645055323
    },
    "asr": {
      "WER": 0.17035706780276255,
      "CER": 0.08299298279060559
    }
  },
  "0.4": {
    "gpt2": {
      "WER": 0.17035706780276255,
      "CER": 0.08299298279060559
    },
    "bert": {
      "WER": 0.17035706780276255,
      "CER": 0.08299298279060559
    },
    "gpt2_masks": {
      "WER": 0.17154156238656554,
      "CER": 0.08369323722860558
    },
    "bert_masks": {
      "WER": 0.17010870603519096,
      "CER": 0.08283166763211344
    },
    "asr": {
      "WER": 0.17035706780276255,
      "CER": 0.08299298279060559
    }
  },
  "0.5": {
    "gpt2": {
      "WER": 0.17033796305141088,
      "CER": 0.08298198402979931
    },
    "bert": {
      "WER": 0.17035706780276255,
      "CER": 0.08298198402979931
    },
    "gpt2_masks": {
      "WER": 0.17154156238656554,
      "CER": 0.08369323722860558
    },
    "bert_masks": {
      "WER": 0.17007049653248762,
      "CER": 0.08279500509609251
    },
    "asr": {
      "WER": 0.17035706780276255,
      "CER": 0.08299298279060559
    }
  },
  "0.6": {
    "gpt2": {
      "WER": 0.17031885830005922,
      "CER": 0.08296365276178884
    },
    "bert": {
      "WER": 0.17033796305141088,
      "CER": 0.08294532149377837
    },
    "gpt2_masks": {
      "WER": 0.17152245763521387,
      "CER": 0.08367490596059511
    },
    "bert_masks": {
      "WER": 0.17003228702978432,
      "CER": 0.08279133884249042
    },
    "asr": {
      "WER": 0.17035706780276255,
      "CER": 0.08299298279060559
    }
  },
  "0.7": {
    "gpt2": {
      "WER": 0.17031885830005922,
      "CER": 0.08298198402979931
    },
    "bert": {
      "WER": 0.17020422979194927,
      "CER": 0.08288666143614486
    },
    "gpt2_masks": {
      "WER": 0.17152245763521387,
      "CER": 0.08367490596059511
    },
    "bert_masks": {
      "WER": 0.16976482051086106,
      "CER": 0.08269234999523387
    },
    "asr": {
      "WER": 0.17035706780276255,
      "CER": 0.08299298279060559
    }
  },
  "0.8": {
    "gpt2": {
      "WER": 0.17033796305141088,
      "CER": 0.08298565028340141
    },
    "bert": {
      "WER": 0.17001318227843265,
      "CER": 0.08281333636410297
    },
    "gpt2_masks": {
      "WER": 0.17152245763521387,
      "CER": 0.08367490596059511
    },
    "bert_masks": {
      "WER": 0.16968840150545442,
      "CER": 0.08262635743039617
    },
    "asr": {
      "WER": 0.17035706780276255,
      "CER": 0.08299298279060559
    }
  },
  "0.9": {
    "gpt2": {
      "WER": 0.1701851250405976,
      "CER": 0.08293065647937
    },
    "bert": {
      "WER": 0.16991765852167434,
      "CER": 0.08269601624883596
    },
    "gpt2_masks": {
      "WER": 0.17148424813251056,
      "CER": 0.08366024094618672
    },
    "bert_masks": {
      "WER": 0.16955466824599277,
      "CER": 0.08228906209900351
    },
    "asr": {
      "WER": 0.17035706780276255,
      "CER": 0.08299298279060559
    }
  },
  "0.91": {
    "gpt2": {
      "WER": 0.1701851250405976,
      "CER": 0.08293065647937
    },
    "bert": {
      "WER": 0.17003228702978432,
      "CER": 0.08271434751684643
    },
    "gpt2_masks": {
      "WER": 0.17148424813251056,
      "CER": 0.08366024094618672
    },
    "bert_masks": {
      "WER": 0.16942093498653116,
      "CER": 0.08219373950534907
    },
    "asr": {
      "WER": 0.17035706780276255,
      "CER": 0.08299298279060559
    }
  },
  "0.92": {
    "gpt2": {
      "WER": 0.17012781078654263,
      "CER": 0.08288666143614486
    },
    "bert": {
      "WER": 0.16997497277572932,
      "CER": 0.08267768498082549
    },
    "gpt2_masks": {
      "WER": 0.17152245763521387,
      "CER": 0.08366757345339092
    },
    "bert_masks": {
      "WER": 0.16936362073247616,
      "CER": 0.08222306953416582
    },
    "asr": {
      "WER": 0.17035706780276255,
      "CER": 0.08299298279060559
    }
  },
  "0.93": {
    "gpt2": {
      "WER": 0.17014691553789427,
      "CER": 0.08289399394334905
    },
    "bert": {
      "WER": 0.17003228702978432,
      "CER": 0.08270334875604016
    },
    "gpt2_masks": {
      "WER": 0.17154156238656554,
      "CER": 0.08369323722860558
    },
    "bert_masks": {
      "WER": 0.1695355634946411,
      "CER": 0.08232939088862655
    },
    "asr": {
      "WER": 0.17035706780276255,
      "CER": 0.08299298279060559
    }
  },
  "0.94": {
    "gpt2": {
      "WER": 0.17014691553789427,
      "CER": 0.08287199642173648
    },
    "bert": {
      "WER": 0.16999407752708098,
      "CER": 0.08270701500964224
    },
    "gpt2_masks": {
      "WER": 0.17152245763521387,
      "CER": 0.08369323722860558
    },
    "bert_masks": {
      "WER": 0.16930630647842118,
      "CER": 0.0821717419837365
    },
    "asr": {
      "WER": 0.17035706780276255,
      "CER": 0.08299298279060559
    }
  },
  "0.95": {
    "gpt2": {
      "WER": 0.17014691553789427,
      "CER": 0.08286833016813439
    },
    "bert": {
      "WER": 0.16986034426761937,
      "CER": 0.08264468869840665
    },
    "gpt2_masks": {
      "WER": 0.17152245763521387,
      "CER": 0.08370056973580976
    },
    "bert_masks": {
      "WER": 0.168809582943278,
      "CER": 0.08201042682524436
    },
    "asr": {
      "WER": 0.17035706780276255,
      "CER": 0.08299298279060559
    }
  },
  "0.96": {
    "gpt2": {
      "WER": 0.16997497277572932,
      "CER": 0.08282066887130717
    },
    "bert": {
      "WER": 0.16978392526221273,
      "CER": 0.08266668622001921
    },
    "gpt2_masks": {
      "WER": 0.1715606671379172,
      "CER": 0.08371523475021814
    },
    "bert_masks": {
      "WER": 0.1690579447108496,
      "CER": 0.0820397568540611
    },
    "asr": {
      "WER": 0.17035706780276255,
      "CER": 0.08299298279060559
    }
  },
  "0.97": {
    "gpt2": {
      "WER": 0.169879449018971,
      "CER": 0.08277667382808204
    },
    "bert": {
      "WER": 0.16986034426761937,
      "CER": 0.08265568745921292
    },
    "gpt2_masks": {
      "WER": 0.1715606671379172,
      "CER": 0.08371890100382023
    },
    "bert_masks": {
      "WER": 0.17024243929465258,
      "CER": 0.08252370232953754
    },
    "asr": {
      "WER": 0.17035706780276255,
      "CER": 0.08299298279060559
    }
  },
  "0.98": {
    "gpt2": {
      "WER": 0.16966929675410275,
      "CER": 0.08265202120561084
    },
    "bert": {
      "WER": 0.16957377299734444,
      "CER": 0.08245404351109775
    },
    "gpt2_masks": {
      "WER": 0.17152245763521387,
      "CER": 0.08370056973580976
    },
    "bert_masks": {
      "WER": 0.1713696196244006,
      "CER": 0.08313596668108726
    },
    "asr": {
      "WER": 0.17035706780276255,
      "CER": 0.08299298279060559
    }
  },
  "0.99": {
    "gpt2": {
      "WER": 0.16938272548382782,