{
  "0.1": {
    "gpt2": {
      "WER": 0.06119260321311717,
      "CER": 0.024308733394347838
    },
    "bert": {
      "WER": 0.06119260321311717,
      "CER": 0.02430179992789195
    },
    "gpt2_masks": {
      "WER": 0.06178081688173229,
      "CER": 0.024669273650054082
    },
    "bert_masks": {
      "WER": 0.06117422153597294,
      "CER": 0.024305266661119894
    },
    "asr": {
      "WER": 0.06119260321311717,
      "CER": 0.024308733394347838
    }
  },
  "0.2": {
    "gpt2": {
      "WER": 0.06119260321311717,
      "CER": 0.024308733394347838
    },
    "bert": {
      "WER": 0.06119260321311717,
      "CER": 0.02430179992789195
    },
    "gpt2_masks": {
      "WER": 0.06178081688173229,
      "CER": 0.024669273650054082
    },
    "bert_masks": {
      "WER": 0.06117422153597294,
      "CER": 0.024305266661119894
    },
    "asr": {
      "WER": 0.06119260321311717,
      "CER": 0.024308733394347838
    }
  },
  "0.3": {
    "gpt2": {
      "WER": 0.06119260321311717,
      "CER": 0.024308733394347838
    },
    "bert": {
      "WER": 0.06119260321311717,
      "CER": 0.024305266661119894
    },
    "gpt2_masks": {
      "WER": 0.06178081688173229,
      "CER": 0.024669273650054082
    },
    "bert_masks": {
      "WER": 0.06117422153597294,
      "CER": 0.024305266661119894
    },
    "asr": {
      "WER": 0.06119260321311717,
      "CER": 0.024308733394347838
    }
  },
  "0.4": {
    "gpt2": {
      "WER": 0.06119260321311717,
      "CER": 0.024308733394347838
    },
    "bert": {
      "WER": 0.06119260321311717,
      "CER": 0.02430179992789195
    },
    "gpt2_masks": {
      "WER": 0.06178081688173229,
      "CER": 0.024669273650054082
    },
    "bert_masks": {
      "WER": 0.06119260321311717,
      "CER": 0.02430179992789195
    },
    "asr": {
      "WER": 0.06119260321311717,
      "CER": 0.024308733394347838
    }
  },
  "0.5": {
    "gpt2": {
      "WER": 0.06119260321311717,
      "CER": 0.024308733394347838
    },
    "bert": {
      "WER": 0.06119260321311717,
      "CER": 0.02430179992789195
    },
    "gpt2_masks": {
      "WER": 0.06178081688173229,
      "CER": 0.024669273650054082
    },
    "bert_masks": {
      "WER": 0.06122936656740561,
      "CER": 0.02431913359403167
    },
    "asr": {
      "WER": 0.06119260321311717,
      "CER": 0.024308733394347838
    }
  },
  "0.6": {
    "gpt2": {
      "WER": 0.06119260321311717,
      "CER": 0.024308733394347838
    },
    "bert": {
      "WER": 0.06117422153597294,
      "CER": 0.02429486646143606
    },
    "gpt2_masks": {
      "WER": 0.06178081688173229,
      "CER": 0.024669273650054082
    },
    "bert_masks": {
      "WER": 0.06122936656740561,
      "CER": 0.024298333194664005
    },
    "asr": {
      "WER": 0.06119260321311717,
      "CER": 0.024308733394347838
    }
  },
  "0.7": {
    "gpt2": {
      "WER": 0.06119260321311717,
      "CER": 0.024305266661119894
    },
    "bert": {
      "WER": 0.06121098489026139,
      "CER": 0.024312200127575782
    },
    "gpt2_masks": {
      "WER": 0.06178081688173229,
      "CER": 0.024669273650054082
    },
    "bert_masks": {
      "WER": 0.06117422153597294,
      "CER": 0.02430179992789195
    },
    "asr": {
      "WER": 0.06119260321311717,
      "CER": 0.024308733394347838
    }
  },
  "0.8": {
    "gpt2": {
      "WER": 0.06119260321311717,
      "CER": 0.024298333194664005
    },
    "bert": {
      "WER": 0.06119260321311717,
      "CER": 0.02431913359403167
    },
    "gpt2_masks": {
      "WER": 0.06178081688173229,
      "CER": 0.024669273650054082
    },
    "bert_masks": {
      "WER": 0.06111907650454027,
      "CER": 0.02430179992789195
    },
    "asr": {
      "WER": 0.06119260321311717,
      "CER": 0.024308733394347838
    }
  },
  "0.9": {
    "gpt2": {
      "WER": 0.06117422153597294,
      "CER": 0.024291399728208114
    },
    "bert": {
      "WER": 0.0611374581816845,
      "CER": 0.024246332196244835
    },
    "gpt2_masks": {
      "WER": 0.06178081688173229,
      "CER": 0.024669273650054082
    },
    "bert_masks": {
      "WER": 0.06108231315025183,
      "CER": 0.02419779793105361
    },
    "asr": {
      "WER": 0.06119260321311717,
      "CER": 0.024308733394347838
    }
  },
  "0.91": {
    "gpt2": {
      "WER": 0.06117422153597294,
      "CER": 0.024291399728208114
    },
    "bert": {
      "WER": 0.06119260321311717,
      "CER": 0.02427059932884045
    },
    "gpt2_masks": {
      "WER": 0.06178081688173229,
      "CER": 0.024669273650054082
    },
    "bert_masks": {
      "WER": 0.06108231315025183,
      "CER": 0.024201264664281553
    },
    "asr": {
      "WER": 0.06119260321311717,
      "CER": 0.024308733394347838
    }
  },
  "0.92": {
    "gpt2": {
      "WER": 0.06117422153597294,
      "CER": 0.024291399728208114
    },
    "bert": {
      "WER": 0.06126612992169406,
      "CER": 0.024291399728208114
    },
    "gpt2_masks": {
      "WER": 0.06178081688173229,
      "CER": 0.024669273650054082
    },
    "bert_masks": {
      "WER": 0.06121098489026139,
      "CER": 0.024253265662700724
    },
    "asr": {
      "WER": 0.06119260321311717,
      "CER": 0.024308733394347838
    }
  },
  "0.93": {
    "gpt2": {
      "WER": 0.06117422153597294,
      "CER": 0.024291399728208114
    },
    "bert": {
      "WER": 0.06128451159883828,
      "CER": 0.024305266661119894
    },
    "gpt2_masks": {
      "WER": 0.06178081688173229,
      "CER": 0.024669273650054082
    },
    "bert_masks": {
      "WER": 0.06143156501599206,
      "CER": 0.02433300052694345
    },
    "asr": {
      "WER": 0.06119260321311717,
      "CER": 0.024308733394347838
    }
  },
  "0.94": {
    "gpt2": {
      "WER": 0.06117422153597294,
      "CER": 0.02429486646143606
    },
    "bert": {
      "WER": 0.0613028932759825,
      "CER": 0.02431913359403167
    },
    "gpt2_masks": {
      "WER": 0.061799198558876514,
      "CER": 0.024672740383282026
    },
    "bert_masks": {
      "WER": 0.061358038307415166,
      "CER": 0.024322600327259615
    },
    "asr": {
      "WER": 0.06119260321311717,
      "CER": 0.024308733394347838
    }
  },
  "0.95": {
    "gpt2": {
      "WER": 0.06115583985882872,
      "CER": 0.024284466261752225
    },
    "bert": {
      "WER": 0.06117422153597294,
      "CER": 0.02428099952852428
    },
    "gpt2_masks": {
      "WER": 0.061799198558876514,
      "CER": 0.024672740383282026
    },
    "bert_masks": {
      "WER": 0.06156023675600162,
      "CER": 0.02438500152536262
    },
    "asr": {
      "WER": 0.06119260321311717,
      "CER": 0.024308733394347838
    }
  },
  "0.96": {
    "gpt2": {
      "WER": 0.06115583985882872,
      "CER": 0.02428099952852428
    },
    "bert": {
      "WER": 0.06121098489026139,
      "CER": 0.02429486646143606
    },
    "gpt2_masks": {
      "WER": 0.061799198558876514,
      "CER": 0.024672740383282026
    },
    "bert_masks": {
      "WER": 0.06209330539318408,
      "CER": 0.024610339185179023
    },
    "asr": {
      "WER": 0.06119260321311717,
      "CER": 0.024308733394347838
    }
  },
  "0.97": {
    "gpt2": {
      "WER": 0.0611374581816845,
      "CER": 0.02427059932884045
    },
    "bert": {
      "WER": 0.06124774824454983,
      "CER": 0.02424979892947278
    },
    "gpt2_masks": {
      "WER": 0.061799198558876514,
      "CER": 0.024672740383282026
    },
    "bert_masks": {
      "WER": 0.06306753428182788,
      "CER": 0.025015946972848545
    },
    "asr": {
      "WER": 0.06119260321311717,
      "CER": 0.024308733394347838
    }
  },
  "0.98": {
    "gpt2": {
      "WER": 0.06122936656740561,
      "CER": 0.024298333194664005
    },
    "bert": {
      "WER": 0.06115583985882872,
      "CER": 0.024149263665862383
    },
    "gpt2_masks": {
      "WER": 0.061799198558876514,
      "CER": 0.024672740383282026
    },
    "bert_masks": {
      "WER": 0.06578802249917283,
      "CER": 0.025889563746290596
    },
    "asr": {
      "WER": 0.06119260321311717,
      "CER": 0.024308733394347838
    }
  },