{
  "0.1": {
    "gpt2": {
      "WER": 0.16764151684070033,
      "CER": 0.08345522295460442
    },
    "bert": {
      "WER": 0.16764151684070033,
      "CER": 0.08344018259002599
    },
    "gpt2_masks": {
      "WER": 0.16826960822799716,
      "CER": 0.08377483070189622
    },
    "bert_masks": {
      "WER": 0.16768077255240638,
      "CER": 0.08344394268117059
    },
    "asr": {
      "WER": 0.16764151684070033,
      "CER": 0.08345522295460442
    }
  },
  "0.2": {
    "gpt2": {
      "WER": 0.16764151684070033,
      "CER": 0.08345146286345981
    },
    "bert": {
      "WER": 0.16766114469655335,
      "CER": 0.08345146286345981
    },
    "gpt2_masks": {
      "WER": 0.16826960822799716,
      "CER": 0.08377483070189622
    },
    "bert_masks": {
      "WER": 0.1677004004082594,
      "CER": 0.08344394268117059
    },
    "asr": {
      "WER": 0.16764151684070033,
      "CER": 0.08345522295460442
    }
  },
  "0.3": {
    "gpt2": {
      "WER": 0.16764151684070033,
      "CER": 0.08345146286345981
    },
    "bert": {
      "WER": 0.16768077255240638,
      "CER": 0.08345522295460442
    },
    "gpt2_masks": {
      "WER": 0.16826960822799716,
      "CER": 0.08377483070189622
    },
    "bert_masks": {
      "WER": 0.16766114469655335,
      "CER": 0.08341010186086911
    },
    "asr": {
      "WER": 0.16764151684070033,
      "CER": 0.08345522295460442
    }
  },
  "0.4": {
    "gpt2": {
      "WER": 0.16764151684070033,
      "CER": 0.08345146286345981
    },
    "bert": {
      "WER": 0.1677004004082594,
      "CER": 0.08347026331918286
    },
    "gpt2_masks": {
      "WER": 0.16826960822799716,
      "CER": 0.08377483070189622
    },
    "bert_masks": {
      "WER": 0.16756300541728822,
      "CER": 0.0833687408582784
    },
    "asr": {
      "WER": 0.16764151684070033,
      "CER": 0.08345522295460442
    }
  },
  "0.5": {
    "gpt2": {
      "WER": 0.16762188898484728,
      "CER": 0.08344018259002599
    },
    "bert": {
      "WER": 0.16764151684070033,
      "CER": 0.08342138213430293
    },
    "gpt2_masks": {
      "WER": 0.16826960822799716,
      "CER": 0.08377483070189622
    },
    "bert_masks": {
      "WER": 0.16756300541728822,
      "CER": 0.08337626104056763
    },
    "asr": {
      "WER": 0.16764151684070033,
      "CER": 0.08345522295460442
    }
  },
  "0.6": {
    "gpt2": {
      "WER": 0.16762188898484728,
      "CER": 0.08344018259002599
    },
    "bert": {
      "WER": 0.16758263327314124,
      "CER": 0.08338754131400145
    },
    "gpt2_masks": {
      "WER": 0.16826960822799716,
      "CER": 0.08377483070189622
    },
    "bert_masks": {
      "WER": 0.167405982570464,
      "CER": 0.08336498076713379
    },
    "asr": {
      "WER": 0.16764151684070033,
      "CER": 0.08345522295460442
    }
  },
  "0.7": {
    "gpt2": {
      "WER": 0.16764151684070033,
      "CER": 0.0834477027723152
    },
    "bert": {
      "WER": 0.16764151684070033,
      "CER": 0.0834063417697245
    },
    "gpt2_masks": {
      "WER": 0.16826960822799716,
      "CER": 0.08377483070189622
    },
    "bert_masks": {
      "WER": 0.1673274711470519,
      "CER": 0.0833687408582784
    },
    "asr": {
      "WER": 0.16764151684070033,
      "CER": 0.08345522295460442
    }
  },
  "0.8": {
    "gpt2": {
      "WER": 0.16764151684070033,
      "CER": 0.0834477027723152
    },
    "bert": {
      "WER": 0.16762188898484728,
      "CER": 0.08339130140514606
    },
    "gpt2_masks": {
      "WER": 0.16826960822799716,
      "CER": 0.08377483070189622
    },
    "bert_masks": {
      "WER": 0.16742561042631704,
      "CER": 0.08334618031141075
    },
    "asr": {
      "WER": 0.16764151684070033,
      "CER": 0.08345522295460442
    }
  },
  "0.9": {
    "gpt2": {
      "WER": 0.1677004004082594,
      "CER": 0.08344394268117059
    },
    "bert": {
      "WER": 0.16746486613802308,
      "CER": 0.0833687408582784
    },
    "gpt2_masks": {
      "WER": 0.16823035251629112,
      "CER": 0.08374098988159473
    },
    "bert_masks": {
      "WER": 0.16677789118316716,
      "CER": 0.0829664111058052
    },
    "asr": {
      "WER": 0.16764151684070033,
      "CER": 0.08345522295460442
    }
  },
  "0.91": {
    "gpt2": {
      "WER": 0.1677004004082594,
      "CER": 0.08344394268117059
    },
    "bert": {
      "WER": 0.16750412184972913,
      "CER": 0.08338378122285685
    },
    "gpt2_masks": {
      "WER": 0.16826960822799716,
      "CER": 0.08376355042846238
    },
    "bert_masks": {
      "WER": 0.16654235691293084,
      "CER": 0.08295137074122677
    },
    "asr": {
      "WER": 0.16764151684070033,
      "CER": 0.08345522295460442
    }
  },
  "0.92": {
    "gpt2": {
      "WER": 0.1677004004082594,
      "CER": 0.08344394268117059
    },
    "bert": {
      "WER": 0.16750412184972913,
      "CER": 0.08335746058484457
    },
    "gpt2_masks": {
      "WER": 0.16826960822799716,
      "CER": 0.08376355042846238
    },
    "bert_masks": {
      "WER": 0.16656198476878387,
      "CER": 0.08289496937405763
    },
    "asr": {
      "WER": 0.16764151684070033,
      "CER": 0.08345522295460442
    }
  },
  "0.93": {
    "gpt2": {
      "WER": 0.16764151684070033,
      "CER": 0.08341010186086911
    },
    "bert": {
      "WER": 0.16750412184972913,
      "CER": 0.08334242022026614
    },
    "gpt2_masks": {
      "WER": 0.16826960822799716,
      "CER": 0.08376355042846238
    },
    "bert_masks": {
      "WER": 0.16671900761560807,
      "CER": 0.08290248955634684
    },
    "asr": {
      "WER": 0.16764151684070033,
      "CER": 0.08345522295460442
    }
  },
  "0.94": {
    "gpt2": {
      "WER": 0.16760226112899426,
      "CER": 0.08339882158743528
    },
    "bert": {
      "WER": 0.16752374970558218,
      "CER": 0.08331609958225387
    },
    "gpt2_masks": {
      "WER": 0.16826960822799716,
      "CER": 0.08376355042846238
    },
    "bert_masks": {
      "WER": 0.1664442176336657,
      "CER": 0.08267688408767028
    },
    "asr": {
      "WER": 0.16764151684070033,
      "CER": 0.08345522295460442
    }
  },
  "0.95": {
    "gpt2": {
      "WER": 0.16752374970558218,
      "CER": 0.08335746058484457
    },
    "bert": {
      "WER": 0.16758263327314124,
      "CER": 0.08333490003797692
    },
    "gpt2_masks": {
      "WER": 0.1682892360838502,
      "CER": 0.08377483070189622
    },
    "bert_masks": {
      "WER": 0.1666012404804899,
      "CER": 0.08262048272050114
    },
    "asr": {
      "WER": 0.16764151684070033,
      "CER": 0.08345522295460442
    }
  },
  "0.96": {
    "gpt2": {
      "WER": 0.1674844939938761,
      "CER": 0.0833687408582784
    },
    "bert": {
      "WER": 0.16750412184972913,
      "CER": 0.08327849867080778
    },
    "gpt2_masks": {
      "WER": 0.1682892360838502,
      "CER": 0.08375979033731777
    },
    "bert_masks": {
      "WER": 0.166660124048049,
      "CER": 0.08260544235592271
    },
    "asr": {
      "WER": 0.16764151684070033,
      "CER": 0.08345522295460442
    }
  },
  "0.97": {
    "gpt2": {
      "WER": 0.1672685875794928,
      "CER": 0.08329729912653083
    },
    "bert": {
      "WER": 0.16773965611996544,
      "CER": 0.08336122067598918
    },
    "gpt2_masks": {
      "WER": 0.1682892360838502,
      "CER": 0.08375979033731777
    },
    "bert_masks": {
      "WER": 0.16746486613802308,
      "CER": 0.0829212900120699
    },
    "asr": {
      "WER": 0.16764151684070033,
      "CER": 0.08345522295460442
    }
  },
  "0.98": {
    "gpt2": {
      "WER": 0.1671900761560807,
      "CER": 0.08331609958225387
    },
    "bert": {
      "WER": 0.16768077255240638,
      "CER": 0.08313937529845723
    },
    "gpt2_masks": {
      "WER": 0.16830886393970323,
      "CER": 0.08377483070189622
    },
    "bert_masks": {
      "WER": 0.16893695532700007,
      "CER": 0.08338378122285685
    },
    "asr": {
      "WER": 0.16764151684070033,
      "CER": 0.08345522295460442
    }
  },
  "0.99": {
    "gpt2": {
      "WER": 0.16693491402999136,